wrestle,1
savior,1
dance,1
adjective,1
zone,1
late,1
rescue,1
telling,1
wipe,1
condition,1
cool,1
issue,1
turnt,1
race,1
dealt,1
preacher,1
worn,1
tempted,1
hide,1
risen,1
find,1
blur,1
told,1
burn,1
ridin,1
met,1
path,1
along,1
wait,1
great,1
ahead,1
guilty,1
'for,1
stressed,1
forbid,1
win,1
thin,1
strap,1
crime,1
singing,1
simpler,1
tryna,1
door,1
phony,1
hurt,1
ashamed,1
ward,1
word,1
wore,1
car,1
work,1
pour,1
rim,1
believed,1
coulda,1
unconditional,1
there’s,1
heard,1
want,1
past,1
scar,1
dress,1
awkwardness,1
amazing,1
swear,1
slamming,1
beauty,1
insecure,1
reflect,1
dove,1
man,1
somethin,1
chasing,1
order,1
help,1
dreamed,1
move,1
le,1
till,1
styrofoam,1
image,1
then,1
them,1
good,1
somebody,1
captivated,1
feelin,1
answer,1
qualified,1
hands,1
bigger,1
truth,1
went,1
mean,1
everyone,1
hard,1
year,1
wander,1
given,1
since,1
acting,1
heavenly,1
highs,1
math,1
pathetic,1
friday,1
galaxies,1
forgive,1
reason,1
care,1
aisle,1
running,1
turn,1
place,1
leading,1
scene,1
carry,1
thick,1
open,1
unknown,1
hallowed,1
their,1
too,1
lot,1
fairytale,1
bed,1
future,1
guilt,1
angel,1
gentle,1
seen,1
border,1
dozen,1
sell,1
burnin,1
thundering,1
knee,1
pulled,1
face,1
ground,1
slow,1
earned,1
failed,1
deepest,1
pretty,1
loved,1
hit,1
listened,1
kill,1
river,1
around,1
you’re,1
wonder,1
away,1
drawn,1
joy,1
ignorance,1
killing,1
dressin,1
against,1
allegiance,1
walk,1
church,1
trust,1
speak,1
pouring,1
secret,1
don’t,1
deeper,1
fire,1
offered,1
lift,1
spin,1
spirit,1
those,1
sound,1
look,1
align,1
many,1
guide,1
real,1
hoping,1
wherever,1
shame,1
someone,1
everyday,1
trusted,1
funny,1
saw,1
wantin,1
digging,1
hallway,1
abounds,1
moment,1
purpose,1
destruction,1
awesomeness,1
mention,1
try,1
without,1
solve,1
mother,1
left,1
summer,1
money,1
half,1
psych,1
stunt,1
followed,1
praying,1
thinking,1
bank,1
righteous,1
kingdom,1
wont,1
livin,1
i’m,1
couple,1
condemnation,1
dark,1
shadow,1
dare,1
lightning,1
become,1
people,1
some,1
home,1
stumblin,1
noise,1
reaching,1
hiding,1
ok,1
surround,1
plus,1
stand,1
hatred,1
plenty,1
burning,1
wasting,1
sovereign,1
start,1
lonely,1
copacetic,1
low,1
valley,1
head,1
brand,1
pastor,1
line,1
trying,1
made,1
wish,1
um,1
dirty,1
juvenile,1
igging,1
holding,1
really,1
polite,1
'd,1
veil,1
building,1
lead,1
flyin,1
walked,1
once,1
lord,2
ta,2
did,2
leave,2
tired,2
jesus,2
new,2
change,2
holy,2
ride,2
may,2
through,2
before,2
better,2
ya,2
mystery,2
tear,2
gon,2
messenger,2
turning,2
put,2
wash,2
done,2
needed,2
nobody,2
took,2
afraid,2
pain,2
though,2
fear,2
behind,2
his,2
wa,2
wo,2
light,2
these,2
mistake,2
pick,2
well,2
yea,2
death,2
often,2
everything,2
forgiven,2
power,2
promise,2
question,2
glory,2
deep,2
alright,2
chain,3
shattered,3
wave,3
'cuz,3
go,3
plead,3
here,3
understanding,3
healing,3
others,3
changed,3
from,3
doubt,3
i’ll,3
smile,3
hold,3
soul,3
heart,3
unashamed,3
wrong,3
might,3
overcome,3
break,3
foot,3
always,3
side,3
yeah,3
wanted,3
think,3
blind,3
already,3
spoken,3
'em,3
overwhelming,3
mind,3
looked,3
doesn’t,3
going,3
hope,3
meant,3
fail,3
arm,3
said,3
enough,3
won,3
come,3
last,3
freely,3
forgotten,3
ca,3
learning,3
much,3
myself,3
embrace,3
that’s,3
delight,3
ocean,3
yours,3
rest,3
night,3
back,3
lose,3
faith,3
about,3
or,3
presence,3
because,3
war,3
complete,3
at,3
u,3
battle,4
rise,4
every,4
above,4
let,4
alone,4
dream,4
they,4
little,4
mercy,4
matter,4
tonight,4
have,4
most,4
forever,4
saying,4
him,4
cross,4
hand,4
nothin,4
gave,4
i’ve,4
fell,4
fight,4
redeemed,4
're,4
gone,4
would,5
maybe,5
still,5
name,5
got,5
cause,5
free,5
wonderful,5
there’ll,5
'cause,5
show,5
glorious,5
voice,5
upon,5
off,5
like,5
into,5
fall,6
on,6
day,6
our,6
were,6
take,6
stronger,6
get,6
calling,6
where,6
see,6
‘cause,6
run,6
up,6
ever,7
beautiful,7
give,7
grace,7
only,7
make,7
broken,7
together,7
way,7
with,7
ai,7
if,8
eye,8
down,8
'll,8
tell,9
must,9
say,9
save,9
hear,9
inside,9
never,10
love,10
call,10
something,10
so,10
could,10
keep,10
mine,10
do,10
just,10
not,10
by,10
no,10
who,11
right,11
but,11
water,12
out,12
life,12
am,12
time,12
this,13
living,13
oh,13
one,14
than,14
bring,14
overwhelmed,14
he’s,14
been,14
world,14
for,14
what,15
now,15
will,15
when,15
more,16
he,17
's,17
how,18
've,18
there,18
n't,20
greater,21
are,21
can,22
a,23
god,23
know,23
of,23
need,24
we,30
that,38
be,40
your,40
it,41
all,42
to,43
'm,43
is,46
my,49
in,51
me,71
and,85
the,101
you,136
i,157
